City_ID,City,Country,Lat,Lng,Max Temp,Humidity,Cloudiness,Wind Speed,Current Description
0,Irtyshskiy,RU,58.3333,68.1333,19.8,89,100,6.26,overcast clouds
1,Busselton,AU,-33.65,115.3333,66.04,83,0,7.56,clear sky
2,Samarai,PG,-10.6167,150.6667,79.95,82,100,8.81,overcast clouds
3,Jojoima,SL,7.8792,-10.7878,83.5,28,42,0.31,scattered clouds
4,Kapaa,US,22.0752,-159.319,67.98,75,20,6.91,few clouds
5,Ilulissat,GL,69.2167,-51.1,6.82,47,75,11.5,broken clouds
6,Yar-Sale,RU,66.8333,70.8333,-11.6,100,78,3.42,broken clouds
7,Magadan,RU,59.5667,150.8,-0.6,61,14,12.28,few clouds
8,Mount Gambier,AU,-37.8333,140.7667,58.91,82,40,6.91,scattered clouds
9,Yellowknife,CA,62.456,-114.3525,-11.58,86,75,6.91,light snow
10,Vostok,RU,46.4856,135.8833,-11.04,99,100,3.24,overcast clouds
11,Port Hardy,CA,50.6996,-127.4199,41.76,93,75,4.61,broken clouds
12,Rikitea,PF,-23.1203,-134.9692,78.8,72,100,11.7,overcast clouds
13,Vaini,TO,-21.2,-175.2,75.36,100,100,12.66,light rain
14,Saskylakh,RU,71.9167,114.0833,-25.74,100,98,3.2,overcast clouds
15,Mahebourg,MU,-20.4081,57.7,80.26,89,75,20.71,light intensity shower rain
16,Inuvik,CA,68.3499,-133.7218,-31.94,68,20,2.3,few clouds
17,Ushuaia,AR,-54.8,-68.3,64.06,45,40,14.97,scattered clouds
18,Serenje,ZM,-13.2325,30.2352,60.17,98,76,3.2,broken clouds
19,Oberndorf,DE,48.2905,8.5722,39.7,88,29,5.41,scattered clouds
20,Port Macquarie,AU,-31.4333,152.9167,64.36,73,86,14.47,overcast clouds
21,Tiksi,RU,71.6872,128.8694,-22.4,98,85,7.81,overcast clouds
22,Pisco,PE,-13.7,-76.2167,71.02,83,75,9.22,mist
23,Vila Franca Do Campo,PT,37.7167,-25.4333,64.2,77,74,12.26,broken clouds
24,Atuona,PF,-9.8,-139.0333,78.82,75,7,23.55,clear sky
25,Avarua,CK,-21.2078,-159.775,80.65,78,20,12.66,few clouds
26,Harper,LR,4.375,-7.7169,80.55,79,27,9.48,scattered clouds
27,Saint-Philippe,RE,-21.3585,55.7679,81.99,86,100,21.74,light rain
28,Yashalta,RU,46.3395,42.2762,28.9,81,100,11.32,overcast clouds
29,Bluff,NZ,-46.6,168.3333,50.81,74,94,13.69,overcast clouds
30,Champasak,LA,14.75,106.0,66.22,79,6,1.99,clear sky
31,Qaanaaq,GL,77.484,-69.3632,2.34,83,100,4.25,overcast clouds
32,Port Lincoln,AU,-34.7333,135.8667,66.94,80,100,15.12,overcast clouds
33,Butaritari,KI,3.0707,172.7902,82.36,70,13,19.37,few clouds
34,Hermanus,ZA,-34.4187,19.2345,70.81,77,65,16.84,broken clouds
35,Labuhan,ID,-6.8844,112.2051,78.06,86,100,9.35,overcast clouds
36,Bonthe,SL,7.5264,-12.505,80.24,74,91,10.36,overcast clouds
37,Leningradskiy,RU,69.3833,178.4167,-22.18,96,7,4.36,clear sky
38,Jamestown,US,42.097,-79.2353,20.08,45,100,4.0,overcast clouds
39,Meridian,US,43.6121,-116.3915,34.09,79,0,1.01,haze
40,Clyde River,CA,70.4692,-68.5914,-25.37,68,40,11.5,scattered clouds
41,Aksu,CN,41.1231,80.2644,24.44,54,100,2.91,overcast clouds
42,San Quintin,MX,30.4833,-115.95,63.14,24,0,5.44,clear sky
43,Port Elizabeth,ZA,-33.918,25.5701,69.1,83,75,17.27,broken clouds
44,Saint-Joseph,RE,-21.3667,55.6167,80.98,83,100,17.9,light rain
45,Half Moon Bay,US,37.4636,-122.4286,60.19,69,0,3.44,clear sky
46,Tautira,PF,-17.7333,-149.15,82.42,72,35,18.52,scattered clouds
47,Andenes,NO,69.3143,16.1194,35.58,75,100,28.77,overcast clouds
48,Iralaya,HN,15.0,-83.2333,86.09,70,39,9.33,scattered clouds
49,Mataura,NZ,-46.1927,168.8643,50.49,92,100,1.07,overcast clouds
50,Lisa,RO,43.8,25.1333,46.51,73,100,15.95,overcast clouds
51,Albany,US,42.6001,-73.9662,21.16,61,25,5.01,scattered clouds
52,Porto Novo,BJ,6.4965,2.6036,84.02,79,0,6.89,clear sky
53,Te Anau,NZ,-45.4167,167.7167,42.82,88,18,2.39,few clouds
54,Conde,BR,-7.2597,-34.9075,85.46,66,40,11.5,scattered clouds
55,Iberia,US,29.9502,-91.7507,46.98,42,0,12.66,clear sky
56,Cap Malheureux,MU,-19.9842,57.6142,80.47,80,100,10.0,overcast clouds
57,Verkhnyaya Sinyachikha,RU,57.976,61.6673,13.64,98,100,2.64,overcast clouds
58,Bredasdorp,ZA,-34.5322,20.0403,70.29,73,100,24.16,overcast clouds
59,Harda,IN,22.3333,77.1,61.27,29,0,4.74,clear sky
60,Hobart,AU,-42.8794,147.3294,57.06,79,40,4.61,scattered clouds
61,Iqaluit,CA,63.7506,-68.5145,-24.07,62,75,0.0,broken clouds
62,Geraldton,AU,-28.7667,114.6,70.21,94,100,3.44,overcast clouds
63,Apac,UG,1.9756,32.5386,74.59,55,100,5.14,overcast clouds
64,Nicoya,CR,10.1483,-85.452,87.35,30,8,16.11,clear sky
65,Punta Arenas,CL,-53.15,-70.9167,66.31,52,75,31.07,light rain
66,Khatanga,RU,71.9667,102.5,-31.72,99,99,2.08,overcast clouds
67,Sigli,ID,5.3848,95.9609,77.49,80,100,4.61,overcast clouds
68,Marivan,IR,35.5219,46.176,31.78,98,100,4.76,light snow
69,Cabra,ES,37.4725,-4.4421,62.04,66,24,2.3,few clouds
70,Isangel,VU,-19.55,169.2667,79.79,91,100,14.05,overcast clouds
71,Disa,IN,24.25,72.1667,61.27,38,0,4.34,clear sky
72,Hilo,US,19.7297,-155.09,75.61,83,0,3.44,clear sky
73,Ponta Do Sol,PT,32.6667,-17.1,71.13,41,0,10.65,clear sky
74,Kaitangata,NZ,-46.2817,169.8464,47.7,82,79,5.37,broken clouds
75,Chokurdakh,RU,70.6333,147.9167,-30.15,100,100,1.52,overcast clouds
76,Broome,US,42.2506,-75.833,19.71,67,75,3.0,broken clouds
77,Trairi,BR,-3.2778,-39.2689,83.46,67,59,10.83,broken clouds
78,Torbay,CA,47.6666,-52.7314,49.75,94,100,23.02,moderate rain
79,Kadoma,JP,34.7333,135.5833,37.38,62,8,12.82,clear sky
80,Hamilton,US,39.1834,-84.5333,25.95,72,40,1.99,snow
81,La Ronge,CA,55.1001,-105.2842,-9.15,64,75,8.05,broken clouds
82,Dikson,RU,73.5069,80.5464,-18.2,100,99,3.47,overcast clouds
83,Lansing,US,42.7325,-84.5555,24.6,74,0,6.91,clear sky
84,Hithadhoo,MV,-0.6,73.0833,82.24,73,100,12.95,overcast clouds
85,Upernavik,GL,72.7868,-56.1549,-0.85,98,100,4.74,overcast clouds
86,Kiunga,PG,-6.1219,141.2906,72.28,100,100,2.66,overcast clouds
87,Balkanabat,TM,39.5108,54.3671,41.88,83,87,13.89,overcast clouds
88,Karratha,AU,-20.7377,116.8463,84.33,71,100,6.78,overcast clouds
89,Jewar,IN,28.1333,77.55,52.27,82,2,4.56,clear sky
90,Georgetown,MY,5.4112,100.3354,80.89,85,20,1.99,few clouds
91,Leh,IN,34.1667,77.5833,-7.56,73,86,3.18,overcast clouds
92,Tuatapere,NZ,-46.1333,167.6833,50.83,84,100,2.46,overcast clouds
93,Aklavik,CA,68.2191,-135.0107,-31.97,66,40,4.61,scattered clouds
94,Teluknaga,ID,-6.0989,106.6381,78.19,94,20,5.99,few clouds
95,Beringovskiy,RU,63.05,179.3167,-9.99,92,18,14.5,few clouds
96,Heihe,CN,50.2441,127.4902,0.18,92,23,6.15,few clouds
97,Acapulco,MX,16.8634,-99.8901,82.22,69,0,8.05,clear sky
98,Cayenne,GF,4.9333,-52.3333,84.24,81,75,5.99,broken clouds
99,Severo-Kurilsk,RU,50.6789,156.125,28.36,94,100,5.46,light snow
100,Cape Town,ZA,-33.9258,18.4232,76.87,66,0,1.99,clear sky
101,Juxtlahuaca,MX,17.4294,-99.1467,85.42,31,22,2.04,few clouds
102,Karakol,KG,42.4907,78.3936,8.2,58,9,9.33,clear sky
103,Kushima,JP,31.4583,131.2333,38.12,74,10,8.12,clear sky
104,Balabac,PH,7.9868,117.0645,80.15,83,68,22.41,broken clouds
105,Arraial Do Cabo,BR,-22.9661,-42.0278,87.76,70,0,20.71,thunderstorm
106,Jimeta,NG,9.2833,12.4667,78.19,12,2,5.26,clear sky
107,Marzuq,YE,14.4,46.4667,67.75,40,20,4.56,few clouds
108,Cabo San Lucas,MX,22.8909,-109.9124,73.51,58,0,8.05,clear sky
109,Megion,RU,61.0296,76.1136,15.82,95,100,6.2,light snow
110,Biloela,AU,-24.4167,150.5,65.73,70,0,15.73,clear sky
111,Anadyr,RU,64.75,177.4833,-5.3,77,0,20.13,clear sky
112,Kloulklubed,PW,7.0419,134.2556,81.1,80,96,23.09,overcast clouds
113,Honghu,CN,29.8206,113.4621,41.92,75,100,9.48,overcast clouds
114,Tasiilaq,GL,65.6145,-37.6368,24.96,58,100,9.73,overcast clouds
115,Coihaique,CL,-45.5752,-72.0662,70.41,46,75,8.05,broken clouds
116,Sao Felix Do Xingu,BR,-6.6447,-51.995,86.58,63,100,2.21,overcast clouds
117,New Norfolk,AU,-42.7826,147.0587,56.71,64,100,1.25,overcast clouds
118,Cuncolim,IN,15.1667,73.9833,75.09,82,39,5.03,scattered clouds
119,Jonacatepec,MX,18.6833,-98.8,75.38,32,0,5.01,clear sky
120,Mikropolis,GR,41.1935,23.8157,43.93,76,95,3.56,overcast clouds
121,Slave Lake,CA,55.2834,-114.769,12.18,85,100,9.22,overcast clouds
122,Hirara,JP,24.8,125.2833,62.19,68,100,18.81,overcast clouds
123,Tura,IN,25.5198,90.2201,49.86,91,1,1.72,clear sky
124,Altay,CN,47.8667,88.1167,7.02,51,0,9.89,clear sky
125,Saint George,US,37.1041,-113.5841,52.36,28,0,3.0,clear sky
126,Chapais,CA,49.7834,-74.8492,-2.42,73,76,10.76,broken clouds
127,Pangnirtung,CA,66.1451,-65.7125,-23.8,69,40,0.0,scattered clouds
128,Kumluca,TR,36.3703,30.2869,45.68,64,0,6.35,clear sky
129,Agua Verde,MX,22.9,-106.05,77.09,51,24,5.75,few clouds
130,Babu,CN,24.4167,111.5167,45.73,86,96,3.2,overcast clouds
131,Provideniya,RU,64.3833,-173.3,-6.12,86,2,10.87,clear sky
132,Ternate,ID,0.8,127.4,79.9,82,100,9.37,overcast clouds
133,Birjand,IR,32.8663,59.2211,39.67,87,75,0.0,broken clouds
134,Tarecuato,MX,19.85,-102.4833,64.65,20,3,5.17,clear sky
135,Nhulunbuy,AU,-12.2333,136.7667,77.61,88,100,0.0,light rain
136,Vikulovo,RU,56.8167,70.6107,15.76,84,100,8.05,overcast clouds
137,Mar Del Plata,AR,-38.0023,-57.5575,64.42,97,100,5.99,moderate rain
138,Yuanli,TW,24.4397,120.6535,62.24,87,75,5.75,broken clouds
139,Castro,BR,-24.7911,-50.0119,75.16,81,36,8.75,light rain
140,Mayor Pablo Lagerenza,PY,-19.9309,-60.7718,79.65,78,99,10.67,overcast clouds
141,Kerema,PG,-7.9631,145.7785,77.04,86,100,8.34,overcast clouds
142,Codrington,AU,-38.2667,141.9667,56.17,88,85,8.59,overcast clouds
143,Alofi,NU,-19.0595,-169.9187,75.09,100,100,3.44,overcast clouds
144,Taoudenni,ML,22.6783,-3.9836,73.38,9,94,8.77,overcast clouds
145,Namatanai,PG,-3.6667,152.4333,79.99,78,75,9.51,broken clouds
146,Faanui,PF,-16.4833,-151.75,81.09,72,12,18.68,few clouds
147,Nanortalik,GL,60.1432,-45.2371,11.75,62,49,20.42,scattered clouds
148,Seguela,CI,7.9611,-6.6731,83.48,16,15,2.01,few clouds
149,Klaksvik,FO,62.2266,-6.589,36.52,76,61,30.06,broken clouds
150,Willmar,US,45.1219,-95.0433,17.2,73,100,19.57,overcast clouds
151,Kodiak,US,57.79,-152.4072,31.51,86,75,5.75,broken clouds
152,Ostrovnoy,RU,68.0531,39.5131,16.25,82,100,31.25,overcast clouds
153,Thompson,CA,55.7435,-97.8558,-18.24,69,75,3.44,broken clouds
154,Marawi,PH,7.9986,124.2928,66.65,91,18,1.97,few clouds
155,Fortuna,US,40.5982,-124.1573,55.92,78,0,3.0,clear sky
156,Fairbanks,US,64.8378,-147.7164,2.61,79,100,0.0,overcast clouds
157,Dunedin,NZ,-45.8742,170.5036,52.81,79,39,6.42,scattered clouds
158,Raudeberg,NO,61.9875,5.1352,39.87,93,100,5.01,overcast clouds
159,Sitka,US,57.0531,-135.33,42.69,81,100,13.8,moderate rain
160,Lusambo,CD,-4.9667,23.45,72.34,85,70,2.26,broken clouds
161,Sao Joao Da Barra,BR,-21.6403,-41.0511,86.09,81,38,25.84,scattered clouds
162,Cidreira,BR,-30.1811,-50.2056,73.99,94,100,8.93,overcast clouds
163,Hambantota,LK,6.1241,81.1185,77.34,94,14,6.91,few clouds
164,Kodinsk,RU,58.6881,99.1844,19.29,94,100,10.33,light snow
165,College,US,64.8569,-147.8028,2.59,79,75,4.61,broken clouds
166,Noyabrsk,RU,63.1994,75.4507,-6.14,99,100,1.07,overcast clouds
167,Katsuura,JP,35.1333,140.3,33.91,50,8,7.14,clear sky
168,Carnarvon,AU,-24.8667,113.6333,80.67,83,0,10.36,clear sky
169,Khudumelapye,BW,-23.8833,24.75,74.16,58,100,8.55,overcast clouds
170,Bathsheba,BB,13.2167,-59.5167,83.01,57,20,16.11,few clouds
171,Nikolayevsk-Na-Amure,RU,53.1406,140.73,-1.16,99,100,5.35,overcast clouds
172,Borogontsy,RU,62.6683,131.1683,-39.64,100,92,1.59,overcast clouds
173,Bengkulu,ID,-3.8004,102.2655,74.25,96,100,9.01,moderate rain
174,Longyearbyen,SJ,78.2186,15.6401,10.24,61,20,23.02,few clouds
175,Ketchikan,US,55.3422,-131.6461,43.27,93,100,16.11,moderate rain
176,Esperance,AU,-33.8667,121.9,66.04,70,5,17.47,clear sky
177,Menongue,AO,-14.6585,17.691,60.13,97,100,4.23,overcast clouds
178,Rizhao,CN,35.4275,119.4553,27.81,31,14,4.72,few clouds
179,Trelew,AR,-43.249,-65.3051,68.31,34,0,12.93,clear sky
180,Santa Isabel,BR,-23.3156,-46.2214,89.17,84,100,8.84,overcast clouds
181,Konskie,PL,51.1917,20.4061,35.24,77,17,12.95,few clouds
182,Jiuquan,CN,39.7432,98.5174,16.39,40,100,5.61,overcast clouds
183,Sira,IN,13.7453,76.9092,71.87,52,32,7.74,scattered clouds
184,Haikou,CN,20.0458,110.3417,62.73,88,75,8.95,broken clouds
185,Airai,TL,-8.9266,125.4092,60.91,92,100,2.01,overcast clouds
186,Kangaatsiaq,GL,68.3065,-53.4641,-8.19,90,57,8.21,broken clouds
187,Abu Samrah,SY,35.3029,37.1841,44.56,80,0,7.38,clear sky
188,Camacha,PT,33.0833,-16.3333,64.53,77,20,19.57,few clouds
189,Glyadyanskoye,RU,54.9075,65.0883,12.09,87,100,6.55,overcast clouds
190,Fare,PF,-16.7,-151.0167,81.21,72,6,19.42,clear sky
191,Norman Wells,CA,65.282,-126.8329,-7.58,91,99,6.85,overcast clouds
192,Big Spring,US,32.2504,-101.4787,46.27,34,0,8.99,clear sky
193,Najran,SA,17.4924,44.1277,70.45,53,0,6.24,clear sky
194,Yagoua,CM,10.3411,15.2329,76.84,16,100,7.16,overcast clouds
195,Roald,NO,62.5833,6.1333,39.33,87,75,17.27,light rain
196,Lerwick,GB,60.1545,-1.1494,41.0,62,92,37.29,overcast clouds
197,Sisimiut,GL,66.9395,-53.6735,2.17,91,100,9.44,light snow
198,Barrow,US,71.2906,-156.7887,-12.98,70,75,12.66,broken clouds
199,Jalu,LY,29.0331,21.5482,57.29,47,0,2.82,clear sky
200,Lavrentiya,RU,65.5833,-171.0,-17.64,93,18,9.48,few clouds
201,Port-Cartier,CA,50.0334,-66.8654,9.75,66,34,7.63,scattered clouds
202,Kahului,US,20.8947,-156.47,77.85,80,20,0.0,few clouds
203,Poum,NC,-20.2333,164.0167,80.78,72,100,3.04,overcast clouds
204,Karpogory,RU,64.0019,44.4451,3.54,95,52,7.47,broken clouds
205,Jumla,NP,29.2747,82.1838,25.56,70,2,5.77,clear sky
206,Axim,GH,4.8699,-2.2405,80.62,81,3,10.76,clear sky
207,Nikki,BJ,9.9401,3.2108,80.65,14,1,5.21,clear sky
208,Puerto Ayora,EC,-0.7393,-90.3518,84.16,85,86,3.0,overcast clouds
209,Oistins,BB,13.0667,-59.5333,82.49,57,20,16.11,few clouds
210,Sharjah,AE,25.3573,55.4033,74.25,49,0,4.61,clear sky
211,San Pedro,PH,14.35,121.0167,78.03,71,75,8.05,broken clouds
212,Terney,RU,45.0503,136.6092,2.53,80,69,13.51,broken clouds
213,Fuling,CN,29.7022,107.3919,45.05,71,100,1.81,overcast clouds
214,Bosaso,SO,11.2842,49.1816,74.05,67,30,1.92,scattered clouds
215,Lagoa,PT,39.05,-27.9833,59.0,76,49,18.14,scattered clouds
216,Aranos,NA,-24.1333,19.1167,83.46,27,63,14.0,broken clouds
217,Vardo,NO,70.3705,31.1107,26.62,78,100,26.44,overcast clouds
218,Alyangula,AU,-13.8483,136.4192,78.67,100,100,4.61,overcast clouds
219,Ibiruba,BR,-28.6275,-53.0897,75.76,82,100,6.46,overcast clouds
220,Shache,CN,38.4167,77.2406,24.98,58,99,4.32,overcast clouds
221,Anahuac,MX,27.2333,-100.15,44.1,28,0,3.53,clear sky
222,Boralday,KZ,43.3578,76.8594,22.86,86,20,4.47,mist
223,East London,ZA,-33.0153,27.9116,67.14,94,20,5.75,light intensity drizzle
224,Kipini,KE,-2.5257,40.5262,79.09,87,100,9.19,overcast clouds
225,Belyy Yar,RU,53.6039,91.3903,-13.11,77,54,2.24,fog
226,Sechura,PE,-5.5569,-80.8222,83.48,53,20,14.2,few clouds
227,Port Alfred,ZA,-33.5906,26.891,70.34,84,99,25.26,light rain
228,Padang,ID,-0.9492,100.3543,74.16,97,100,1.7,light rain
229,Zhigansk,RU,66.7697,123.3711,-30.14,100,100,5.79,overcast clouds
230,Quatre Cocos,MU,-20.2078,57.7625,80.1,84,100,18.23,light rain
231,Great Bend,US,38.3645,-98.7648,50.05,39,0,21.85,clear sky
232,Tuktoyaktuk,CA,69.4541,-133.0374,-32.8,68,20,11.5,few clouds
233,Portland,US,45.5234,-122.6762,48.88,88,75,1.01,broken clouds
234,Sucua,EC,-2.4667,-78.1667,84.94,51,75,3.44,thunderstorm
235,Isiro,CD,2.7739,27.616,71.78,32,100,3.4,overcast clouds
236,Port Keats,AU,-14.25,129.55,76.53,88,100,2.89,overcast clouds
237,Tocopilla,CL,-22.092,-70.1979,73.13,66,19,9.44,few clouds
238,Novokayakent,RU,42.3937,47.9861,37.45,57,100,10.98,overcast clouds
239,Bethel,US,41.3712,-73.414,27.77,69,75,1.99,broken clouds
240,Lorengau,PG,-2.0226,147.2712,80.64,77,64,7.56,broken clouds
241,Tchibanga,GA,-2.85,11.0333,72.16,96,73,3.02,light rain
242,Spearfish,US,44.4908,-103.8594,48.02,36,75,7.0,broken clouds
243,Hofn,IS,64.2539,-15.2082,28.76,55,100,9.98,overcast clouds
244,Yangambi,CD,0.8102,24.4336,74.64,70,99,1.99,overcast clouds
245,Podosinovets,RU,60.2776,47.0659,7.84,96,82,5.84,broken clouds
246,Zhezkazgan,KZ,47.8043,67.7144,14.13,80,100,16.51,overcast clouds
247,Prince Rupert,CA,54.3161,-130.3201,44.29,70,0,14.97,clear sky
248,Yakovlevka,RU,44.425,133.4772,-2.58,98,100,2.48,overcast clouds
249,Fort-Shevchenko,KZ,44.5086,50.263,35.38,71,98,23.4,overcast clouds
250,Derzhavinsk,KZ,51.1,66.3167,17.15,76,100,15.55,overcast clouds
251,Lebu,CL,-37.6167,-73.65,64.22,68,0,20.09,clear sky
252,Victoria,HK,22.2855,114.1577,61.25,82,100,8.99,overcast clouds
253,Tumbagaan,PH,5.3656,120.3139,79.72,81,100,10.69,overcast clouds
254,Virtsu,EE,58.5716,23.5115,35.58,84,7,9.78,clear sky
255,Itamaraca,BR,-7.7478,-34.8256,86.68,61,27,9.48,scattered clouds
256,Tarnos,FR,43.5417,-1.4628,47.55,71,0,5.75,clear sky
257,Ouro Preto Do Oeste,BR,-10.7481,-62.2158,82.22,77,100,5.84,overcast clouds
258,Marsh Harbour,BS,26.5412,-77.0636,73.96,57,0,4.12,clear sky
259,Kamyshlov,RU,56.8428,62.7111,13.24,90,100,6.44,overcast clouds
260,Abu Dhabi,AE,24.4667,54.3667,71.71,80,75,1.99,broken clouds
261,Bontang,ID,0.1333,117.5,77.27,88,100,8.61,overcast clouds
262,Chumikan,RU,54.7183,135.315,-1.68,77,100,12.15,overcast clouds
263,Balykshi,KZ,47.0667,51.8667,30.2,86,75,24.61,mist
264,Necochea,AR,-38.5473,-58.7368,63.03,72,100,23.11,overcast clouds
265,Manggar,ID,-2.8833,108.2667,78.24,86,100,6.89,light rain
266,Yumen,CN,40.2833,97.2,15.15,38,100,12.95,overcast clouds
267,Dingle,PH,10.9995,122.6711,74.71,83,88,11.16,overcast clouds
268,Longonjo,AO,-12.9067,15.2533,63.95,72,100,2.91,overcast clouds
269,Peace River,CA,56.2501,-117.286,8.91,85,100,11.5,light snow
270,Navashino,RU,55.5292,42.2003,4.24,100,98,2.33,overcast clouds
271,Quimper,FR,48.0,-4.1,49.03,87,100,8.05,overcast clouds
272,Salalah,OM,17.0151,54.0924,77.09,69,75,3.44,broken clouds
273,Banda Aceh,ID,5.5577,95.3222,79.05,78,100,4.92,overcast clouds
274,Morondava,MG,-20.2833,44.2833,79.81,79,100,12.66,overcast clouds
275,Tabora,TZ,-5.0167,32.8,64.54,93,100,1.68,overcast clouds
276,Plettenberg Bay,ZA,-34.0527,23.3716,69.06,83,6,13.78,clear sky
277,Kruisfontein,ZA,-34.0033,24.7314,66.88,83,45,19.66,scattered clouds
278,Maumere,ID,-8.6199,122.2111,79.14,82,33,8.19,scattered clouds
279,Mahina,PF,-17.5065,-149.489,82.17,65,20,2.3,few clouds
280,Yatou,CN,37.15,122.3833,29.03,53,99,13.2,overcast clouds
281,Madera,US,37.1666,-119.8343,65.97,39,100,2.93,overcast clouds
282,Ahipara,NZ,-35.1667,173.1667,71.49,98,96,5.91,overcast clouds
283,Panaba,MX,21.2833,-88.2667,78.64,66,95,15.77,overcast clouds
284,Bambous Virieux,MU,-20.3428,57.7575,80.22,89,75,20.71,light intensity shower rain
285,Maniitsoq,GL,65.4167,-52.9,5.4,91,100,11.92,snow
286,Maragogi,BR,-9.0122,-35.2225,82.85,60,100,10.56,overcast clouds
287,Nikolskoye,RU,59.7035,30.7861,24.87,94,100,9.95,light snow
288,Aripuana,BR,-9.1667,-60.6333,81.32,90,74,2.24,broken clouds
289,Ostashkov,RU,57.1467,33.1075,18.75,95,100,9.6,snow
290,Palmer,US,42.1584,-72.3287,25.93,55,20,8.01,few clouds
291,Vila Velha,BR,-20.3297,-40.2925,84.15,79,40,10.0,scattered clouds
292,Ukiah,US,39.1502,-123.2078,65.03,57,0,0.0,clear sky
293,Paragominas,BR,-2.9667,-47.4833,79.79,91,100,3.94,overcast clouds
294,Beira,MZ,-19.8436,34.8389,84.29,65,20,14.97,few clouds
295,Buala,SB,-8.145,159.5921,80.74,83,91,7.14,overcast clouds
296,Puerto Del Rosario,ES,28.5004,-13.8627,69.48,68,0,11.5,clear sky
297,Brigantine,US,39.4101,-74.3646,34.05,50,0,25.32,clear sky
298,Pevek,RU,69.7008,170.3133,-28.68,99,37,3.47,scattered clouds
299,Del Rio,US,29.3627,-100.8968,48.31,37,0,5.75,clear sky
300,Dawei,MM,14.0833,98.2,71.56,91,32,3.83,scattered clouds
301,Cherskiy,RU,68.75,161.3,-32.93,96,12,1.41,few clouds
302,Pacifica,US,37.6138,-122.4869,60.39,67,75,1.99,broken clouds
303,Ubauro,PK,28.1652,69.7289,62.49,18,0,9.93,clear sky
304,Sukhobuzimskoye,RU,56.5,93.2728,28.04,77,100,11.25,overcast clouds
305,Saldanha,ZA,-33.0117,17.9442,82.45,73,0,7.45,clear sky
306,Kavieng,PG,-2.5744,150.7967,81.19,78,30,5.19,scattered clouds
307,Phan Thiet,VN,10.9333,108.1,72.1,72,91,8.32,overcast clouds
308,Mayo,US,38.8876,-76.5119,34.95,47,0,14.0,clear sky
309,Tucuman,AR,-26.8241,-65.2226,84.2,48,40,3.44,scattered clouds
310,Tommot,RU,58.9564,126.2925,-11.38,100,100,2.73,overcast clouds
311,Buffalo,US,42.8865,-78.8784,20.01,68,75,9.22,broken clouds
312,Balod,IN,20.73,81.2047,57.45,28,21,3.69,few clouds
313,Yining,CN,29.0361,114.5636,39.34,85,100,3.29,overcast clouds
314,Westport,US,41.1415,-73.3579,29.79,64,20,4.0,few clouds
315,Sunland Park,US,31.7965,-106.58,41.67,42,0,1.01,clear sky
316,Luderitz,NA,-26.6481,15.1594,68.77,76,96,4.99,overcast clouds
317,Starkville,US,33.4504,-88.8184,42.8,48,0,7.72,clear sky
318,Hami,CN,42.8,93.45,26.55,28,100,11.48,overcast clouds
319,Waddan,LY,29.1614,16.139,58.62,21,0,3.51,clear sky
320,Beyneu,KZ,45.3167,55.2,34.14,96,100,21.5,overcast clouds
321,Morwell,AU,-38.2333,146.4,57.34,95,26,4.97,scattered clouds
322,Haines Junction,CA,60.7522,-137.5108,8.55,92,100,4.61,overcast clouds
323,Rovaniemi,FI,66.5,25.7167,22.41,100,100,13.8,overcast clouds
324,Poopo,BO,-18.3667,-66.9667,56.17,39,20,4.72,few clouds
325,Ribeira Grande,PT,38.5167,-28.7,63.0,72,40,11.5,scattered clouds
326,Ulladulla,AU,-35.35,150.4667,64.09,76,99,10.54,overcast clouds
327,Arroyo,ES,41.6096,-4.7969,44.15,65,0,9.22,clear sky
328,Olafsvik,IS,64.8945,-23.7142,30.29,73,100,20.13,light snow
329,Uyuni,BO,-20.4597,-66.825,61.77,19,0,13.73,clear sky
330,Kamenka,RU,51.3223,42.7678,7.14,97,82,8.59,broken clouds
331,Halifax,CA,44.6453,-63.5724,26.22,89,100,8.01,overcast clouds
332,Karacakoy,TR,41.4029,28.3834,44.64,87,4,9.73,clear sky
333,Zanjan,IR,36.6736,48.4787,26.2,87,20,8.1,few clouds
334,Hualmay,PE,-11.0964,-77.6139,75.94,69,26,12.01,scattered clouds
335,Hasaki,JP,35.7333,140.8333,23.4,35,7,9.44,clear sky
336,Henties Bay,NA,-22.116,14.2845,68.86,80,11,5.97,few clouds
337,Neiafu,TO,-18.65,-173.9833,79.48,94,100,4.61,overcast clouds
338,Miami Beach,US,25.7906,-80.1301,83.01,68,75,1.01,broken clouds
339,Luz,BR,-19.8014,-45.6856,82.08,65,42,3.44,scattered clouds
340,Mahajanga,MG,-15.7167,46.3167,82.42,83,40,13.8,scattered clouds
341,Watertown,US,42.3709,-71.1828,26.74,65,40,11.01,light snow
342,Clarence Town,AU,-32.5833,151.7833,70.86,89,90,4.03,overcast clouds
343,Quelimane,MZ,-17.8786,36.8883,80.55,74,40,4.61,scattered clouds
344,Villa Carlos Paz,AR,-31.4241,-64.4978,69.04,38,85,8.01,overcast clouds
345,Tokur,RU,53.1333,132.9,-20.79,100,100,2.37,overcast clouds
346,Kapit,MY,2.0167,112.9333,73.22,100,100,1.34,moderate rain
347,Tricase,IT,39.9304,18.3553,53.82,89,100,7.27,overcast clouds
348,Yantzaza,EC,-3.8278,-78.7594,86.0,54,11,2.62,light rain
349,Kigorobya,UG,1.6162,31.3089,75.58,43,100,6.17,overcast clouds
350,Polunochnoye,RU,60.8697,60.4153,13.01,96,100,5.44,overcast clouds
351,Los Llanos De Aridane,ES,28.6585,-17.9182,65.12,83,0,13.8,clear sky
352,Yerazgavors,AM,40.7,43.75,12.58,61,7,0.0,clear sky
353,Salinopolis,BR,-0.6136,-47.3561,79.72,83,100,10.98,overcast clouds
354,Cascais,PT,38.6979,-9.4215,57.47,72,20,1.01,few clouds
355,Lethem,GY,3.3803,-59.7968,90.64,45,100,9.26,overcast clouds
356,Honiara,SB,-9.4333,159.95,78.96,88,79,0.83,broken clouds
357,Lata,PT,40.1629,-8.3327,53.06,78,0,4.29,clear sky
358,Vao,NC,-22.6667,167.4833,79.84,86,85,8.5,light rain
359,Makasar,ID,-5.14,119.4221,77.05,94,40,2.3,scattered clouds
360,Batticaloa,LK,7.7102,81.6924,76.57,75,45,6.69,scattered clouds
361,Valle De Allende,MX,26.9333,-105.4,51.8,26,6,7.58,clear sky
362,Aberdour,GB,56.05,-3.3,43.05,91,75,8.99,light rain
363,Ust-Kuyga,RU,70.0167,135.6,-41.67,100,100,3.4,overcast clouds
364,Gimli,CA,50.6336,-96.9907,7.43,72,100,9.22,overcast clouds
365,San Juan,AR,-31.5375,-68.5364,69.62,49,95,21.32,overcast clouds
366,Nadlac,RO,46.1667,20.75,41.99,59,100,9.31,overcast clouds
367,Luanda,AO,-8.8368,13.2343,80.6,69,20,8.05,few clouds
368,Pedasi,PA,7.5333,-80.0333,82.42,66,100,13.65,overcast clouds
369,Segezha,RU,63.7415,34.3222,16.54,90,100,17.16,light snow
370,Viedma,AR,-40.8135,-62.9967,63.45,48,99,15.37,overcast clouds
371,Grobina,LV,56.5352,21.1678,39.06,81,0,21.85,clear sky
372,Bierbeek,BE,50.8288,4.7619,46.35,70,75,21.85,broken clouds
373,Laguna,US,38.421,-121.4238,62.44,64,0,1.01,clear sky
374,Inhambane,MZ,-23.865,35.3833,80.58,78,40,12.66,scattered clouds
375,Sao Filipe,CV,14.8961,-24.4956,74.68,67,0,10.6,clear sky
376,Garowe,SO,8.4054,48.4845,70.59,53,41,8.9,scattered clouds
377,Skibbereen,IE,51.55,-9.2667,52.11,84,100,31.14,overcast clouds
378,Thaba-Tseka,LS,-29.522,28.6084,57.24,82,100,2.08,light rain
379,Bacolod,PH,10.6667,122.95,76.71,80,79,15.86,broken clouds
380,Guerrero Negro,MX,27.9769,-114.0611,66.36,24,0,1.45,clear sky
381,Pithoragarh,IN,29.5833,80.2167,34.9,89,0,3.15,clear sky
382,Namibe,AO,-15.1961,12.1522,74.03,69,100,11.56,overcast clouds
383,Skjeberg,NO,59.2333,11.2,41.56,84,100,19.35,overcast clouds
384,Narsaq,GL,60.9167,-46.05,7.02,75,0,5.77,clear sky
385,Bouca,CF,6.5105,18.2733,78.4,18,100,3.67,overcast clouds
386,Indiana,US,40.0003,-86.2503,21.79,69,0,6.91,clear sky
387,Gizo,SB,-8.103,156.8419,82.58,79,98,10.45,light rain
388,Vestmanna,FO,62.1564,-7.1664,34.72,64,100,37.98,overcast clouds
389,Jos,NG,9.9167,8.9,65.75,21,0,8.43,clear sky
390,Sorland,NO,67.667,12.6934,39.27,76,100,32.26,overcast clouds
391,Leshukonskoye,RU,64.8989,45.7622,5.02,94,100,8.12,overcast clouds
392,Chuy,UY,-33.6971,-53.4616,71.94,77,90,7.92,overcast clouds
393,Lexington Park,US,38.2668,-76.4538,37.69,47,20,5.99,few clouds
394,Esil,KZ,51.9556,66.4042,17.37,74,100,16.24,overcast clouds
395,Bismarck,US,46.8083,-100.7837,42.87,79,100,16.11,overcast clouds
396,Garissa,KE,-0.4536,39.6401,84.65,46,100,13.82,overcast clouds
397,Suntar,RU,62.1444,117.6319,-11.81,100,100,3.51,overcast clouds
398,Sinnamary,GF,5.3833,-52.95,79.9,78,53,9.84,light rain
399,Alvorada,BR,-12.48,-49.1247,83.95,73,100,0.96,light rain
400,Colac,AU,-38.3333,143.5833,61.16,80,78,9.84,broken clouds
401,Asau,RO,46.4333,26.4,37.96,88,98,1.7,overcast clouds
402,Mattru,SL,7.6244,-11.8332,82.58,61,51,8.1,broken clouds
403,Auki,SB,-8.7676,160.7034,79.2,86,57,5.64,broken clouds
404,Tlaxco,MX,19.6167,-98.1167,58.89,44,5,1.48,clear sky
405,Ancud,CL,-41.8697,-73.8203,72.43,59,16,7.16,few clouds
406,Sheltozero,RU,61.3667,35.3667,14.0,89,100,14.25,light snow
407,Challapata,BO,-18.9,-66.7667,48.25,63,49,2.42,scattered clouds
408,Kjollefjord,NO,70.9457,27.3465,23.88,82,8,28.07,clear sky
409,San Patricio,US,28.017,-97.5169,49.15,29,0,4.7,clear sky
410,Kieta,PG,-6.2167,155.6333,80.06,83,100,6.44,overcast clouds
411,Biltine,TD,14.5333,20.9167,69.37,14,5,18.77,clear sky
412,Ekhabi,RU,53.5102,142.9671,3.99,93,100,20.98,overcast clouds
413,Lucea,JM,18.451,-78.1736,82.85,56,7,15.82,clear sky
414,Shalinskoye,RU,55.7228,93.7594,19.35,68,100,10.98,overcast clouds
415,Boyuibe,BO,-20.4167,-63.2833,71.51,96,100,8.08,overcast clouds
416,Dali,CN,25.7,100.1833,42.33,95,100,6.69,light rain
417,Alexandria,EG,31.2156,29.9553,57.16,77,40,4.61,scattered clouds
418,Izumo,JP,35.3667,132.7667,33.75,58,100,19.1,overcast clouds
419,Berlevag,NO,70.8578,29.0864,23.77,84,99,26.44,overcast clouds
420,Kavaratti,IN,10.5669,72.642,78.69,61,30,9.55,scattered clouds
421,Yanji,CN,42.9075,129.5078,5.38,74,28,10.78,scattered clouds
422,Tromso,NO,69.6496,18.957,32.02,59,75,12.66,broken clouds
423,El Segundo,US,33.9192,-118.4165,71.11,21,0,1.01,clear sky
424,Rochelle,FR,46.25,-1.0,46.62,87,0,5.75,clear sky
425,Vanderhoof,CA,54.0166,-124.0198,39.34,74,37,12.8,scattered clouds
426,Bara,NG,10.3744,10.7288,72.86,21,0,8.12,clear sky
427,Faya,SA,18.3851,42.4509,55.51,77,3,3.51,clear sky
428,Emerald,AU,-23.5333,148.1667,69.94,68,0,6.91,clear sky
429,Nongan,CN,44.382,125.1685,-1.79,86,13,5.26,few clouds
430,Machakos,KE,-1.5167,37.2667,58.95,76,100,1.95,overcast clouds
431,La Palma,US,33.8464,-118.0467,72.18,20,0,3.0,clear sky
432,Kutulik,RU,53.3508,102.7839,14.67,90,100,5.12,overcast clouds
433,Dafeng,CN,23.4517,108.5881,54.3,72,100,1.43,light rain
434,Tambacounda,SN,13.7539,-13.7586,102.25,12,0,6.91,clear sky
435,Atambua,ID,-9.1061,124.8925,74.43,88,100,0.83,overcast clouds
436,Chengde,CN,40.9725,117.9361,16.36,52,0,6.8,clear sky
437,Marystown,CA,47.1666,-55.1483,43.86,100,100,1.01,overcast clouds
438,Gat,IL,31.61,34.7642,52.48,72,77,7.29,broken clouds
439,North Bend,US,43.4065,-124.2243,49.06,100,40,8.05,scattered clouds
440,Kilindoni,TZ,-7.9139,39.6668,79.66,76,100,7.49,overcast clouds
441,Antequera,ES,37.0194,-4.5612,55.94,71,71,4.27,broken clouds
442,Tecoanapa,MX,16.5167,-98.75,82.31,52,2,10.11,clear sky
443,Ziniare,BF,12.5822,-1.2983,86.04,11,5,8.34,clear sky
444,Springbok,ZA,-29.6643,17.8865,82.2,27,82,3.98,broken clouds
445,Buchanan,LR,5.8808,-10.0467,84.16,80,76,8.57,broken clouds
446,Ganta,LR,7.3022,-8.5308,80.94,35,17,1.72,few clouds
447,Timra,SE,62.487,17.3257,11.91,92,14,3.44,fog
448,Ogulin,HR,45.2661,15.2286,47.28,98,100,2.89,overcast clouds
449,Oussouye,SN,12.485,-16.5469,98.78,34,5,9.48,clear sky
450,San Javier,ES,37.8063,-0.8374,58.98,81,40,5.99,scattered clouds
451,Rio Cauto,CU,20.5603,-76.9161,87.06,22,4,11.65,clear sky
452,Varkkallai,IN,8.7341,76.7067,82.18,81,99,3.18,overcast clouds
453,Peniche,PT,39.3558,-9.3811,56.68,78,0,16.64,clear sky
454,Weligama,LK,5.9667,80.4167,73.96,86,10,5.28,clear sky
455,Hit,IQ,33.6416,42.8251,53.51,51,5,4.09,clear sky
456,Grindavik,IS,63.8424,-22.4338,26.55,80,40,6.91,scattered clouds
457,Luwuk,ID,-0.9516,122.7875,76.8,87,100,3.18,overcast clouds
458,Egvekinot,RU,66.3167,-179.1667,-10.17,86,10,13.51,clear sky
459,Sistranda,NO,63.7256,8.834,34.9,60,100,22.08,overcast clouds
460,Winnemucca,US,40.973,-117.7357,40.1,48,0,0.0,clear sky
461,Dudinka,RU,69.4058,86.1778,-20.04,100,94,3.44,overcast clouds
462,Flinders,AU,-34.5833,150.8552,68.38,81,99,7.0,overcast clouds
463,Jodar,ES,37.8406,-3.3526,54.37,76,46,4.21,scattered clouds
464,Mehamn,NO,71.0357,27.8492,22.48,83,5,22.17,clear sky
465,Krasnoselkup,RU,65.7,82.4667,-12.28,100,87,6.49,overcast clouds
466,Kindu,CD,-2.95,25.95,69.93,93,83,3.09,light rain
467,Baruun-Urt,MN,46.6806,113.2792,-1.43,90,12,6.53,few clouds
468,Alanya,TR,36.5438,31.9998,48.33,52,0,4.9,clear sky
469,Matara,LK,5.9485,80.5353,73.42,88,6,7.56,clear sky
470,Tilichiki,RU,60.4667,166.1,-1.21,84,27,7.43,scattered clouds
471,Kiama,AU,-34.6833,150.8667,68.58,80,100,1.99,overcast clouds
472,Hohhot,CN,40.8106,111.6522,-0.11,71,0,6.71,clear sky
473,Matamoros,MX,25.5333,-103.25,48.11,49,20,3.44,few clouds
474,Sibolga,ID,1.7427,98.7792,75.54,90,100,3.24,overcast clouds
475,Saint-Pierre,RE,-21.3393,55.4781,82.08,69,0,9.22,clear sky
476,Darnah,LY,32.767,22.6367,57.83,66,0,14.07,clear sky
477,Tsiroanomandidy,MG,-18.7667,46.0333,67.57,94,100,6.62,overcast clouds
478,Taos,US,36.4072,-105.5731,39.2,65,0,4.61,clear sky
479,Buchlovice,CZ,49.0863,17.3385,40.24,71,51,8.57,broken clouds
480,Rocha,UY,-34.4833,-54.3333,71.65,73,98,12.71,overcast clouds
481,Nortelandia,BR,-14.4547,-56.8028,89.69,55,67,2.46,broken clouds
482,Batagay,RU,67.6333,134.6333,-39.77,99,100,1.36,overcast clouds
483,Japura,ID,-0.3167,102.35,72.82,98,98,2.66,light rain
484,Sovetskaya Gavan,RU,48.9723,140.2878,8.85,70,100,11.14,overcast clouds
485,Progreso,MX,21.2833,-89.6667,74.1,73,85,17.98,overcast clouds
486,Port Augusta,AU,-32.5,137.7667,74.71,29,51,18.34,broken clouds
487,Keti Bandar,PK,24.1447,67.4497,70.72,63,0,9.28,clear sky
488,Evensk,RU,61.95,159.2333,15.46,41,12,21.77,few clouds
489,Moussoro,TD,13.6408,16.4901,68.43,13,0,13.06,clear sky
490,Zhongshu,CN,24.5167,103.7667,45.84,96,100,4.16,overcast clouds
491,Mabama,TZ,-5.1333,32.5333,65.75,91,100,3.36,overcast clouds
492,Vanimo,PG,-2.6741,141.3028,77.67,87,98,5.97,overcast clouds
493,Kahama,TZ,-3.8333,32.6,63.66,92,100,2.24,overcast clouds
494,Murygino,RU,58.7383,49.4582,18.1,95,97,6.73,overcast clouds
495,Udachnyy,RU,66.4167,112.4,-31.74,100,87,3.22,overcast clouds
496,Richards Bay,ZA,-28.783,32.0377,72.93,84,100,10.27,light rain
497,Havoysund,NO,70.9963,24.6622,29.28,70,9,32.23,clear sky
498,Luganville,VU,-15.5333,167.1667,78.75,86,93,5.3,overcast clouds
499,Tual,ID,-5.6667,132.75,82.99,76,100,9.91,overcast clouds
500,Turukhansk,RU,65.8167,87.9833,-13.07,100,66,2.68,broken clouds
501,Kuytun,RU,54.3419,101.5036,20.16,90,100,7.23,overcast clouds
502,Yenagoa,NG,4.9247,6.2642,82.45,65,0,8.48,clear sky
503,Ambatofinandrahana,MG,-20.55,46.8,61.45,95,100,28.14,moderate rain
504,Komsomolskiy,UZ,40.4272,71.7189,40.42,48,100,4.61,overcast clouds
505,Sur,OM,22.5667,59.5289,72.73,52,0,6.67,clear sky
506,Cockburn Town,TC,21.4612,-71.1419,76.3,68,52,16.84,broken clouds
507,Praia Da Vitoria,PT,38.7333,-27.0667,61.75,88,75,15.59,broken clouds
508,Kitui,KE,-1.367,38.0106,69.24,61,100,3.85,overcast clouds
509,Altamont,US,42.2068,-121.7372,41.77,66,0,1.99,clear sky
510,Dickinson,US,29.4608,-95.0513,48.22,48,0,3.0,clear sky
511,Nome,US,64.5011,-165.4064,1.47,51,0,12.66,clear sky
512,Ponta Delgada,PT,37.7333,-25.6667,64.51,77,20,14.97,few clouds
513,Whitehorse,CA,60.7161,-135.0538,13.8,85,75,12.66,broken clouds
514,Alice Springs,AU,-23.7,133.8833,60.35,82,0,5.75,clear sky
515,Ziezmariai,LT,54.8,24.45,35.69,91,100,14.85,overcast clouds
516,Kontagora,NG,10.3999,5.4695,81.12,15,0,4.65,clear sky
517,Calabozo,VE,8.9242,-67.4293,96.35,28,2,5.26,clear sky
518,Byron Bay,AU,-28.65,153.6167,66.15,73,80,20.13,broken clouds
519,Shelabolikha,RU,53.4131,82.6167,-3.77,98,55,3.65,broken clouds
520,Goderich,CA,43.7501,-81.7165,19.9,62,93,6.91,overcast clouds
521,Zhangjiakou,CN,40.81,114.8794,11.52,69,3,4.76,light snow
522,Taltal,CL,-25.4,-70.4833,71.53,65,24,5.17,few clouds
523,Springfield,US,37.2153,-93.2982,39.47,53,6,4.0,clear sky
524,The Valley,AI,18.217,-63.0578,82.26,88,40,11.5,scattered clouds
525,Natal,BR,-5.795,-35.2094,88.45,62,20,14.97,few clouds
526,Deputatskiy,RU,69.3,139.9,-29.85,97,91,3.11,overcast clouds
527,Grand Gaube,MU,-20.0064,57.6608,80.38,80,100,10.0,overcast clouds
528,Albufeira,PT,37.0882,-8.2503,64.24,68,7,8.75,clear sky
529,Caravelas,BR,-17.7125,-39.2481,78.13,79,100,8.9,overcast clouds
530,Muros,ES,42.7762,-9.0603,53.1,69,0,14.65,clear sky
531,Neyshabur,IR,36.2133,58.7958,41.94,68,87,5.23,overcast clouds
532,Nuevitas,CU,21.5453,-77.2644,85.44,50,2,12.21,clear sky
533,Muzhi,RU,65.3667,64.6667,-14.46,100,52,1.88,broken clouds
534,Trincomalee,LK,8.5711,81.2335,78.75,72,34,12.19,scattered clouds
535,Mosquera,CO,4.7059,-74.2302,64.49,59,75,9.22,broken clouds
536,Hobyo,SO,5.3505,48.5268,76.23,70,5,10.47,clear sky
537,Hakodate,JP,41.7758,140.7367,22.84,76,31,10.51,scattered clouds
538,Calvinia,ZA,-31.4707,19.776,83.26,26,8,8.32,clear sky
539,Talnakh,RU,69.4865,88.3972,-17.63,100,100,3.18,overcast clouds
540,Southbridge,US,42.0751,-72.0334,25.92,67,36,15.99,scattered clouds
541,Hilton Head Island,US,32.2163,-80.7526,55.99,63,0,16.11,clear sky
542,Ihosy,MG,-22.4,46.1167,69.96,89,100,20.24,moderate rain
543,Pacific Grove,US,36.6177,-121.9166,64.81,57,0,1.01,clear sky
544,Doha,QA,25.2867,51.5333,66.18,50,0,13.8,clear sky
545,Savinskiy,RU,62.9342,40.1361,8.13,90,80,8.03,broken clouds
546,Korla,CN,41.7597,86.1469,24.69,41,96,8.79,overcast clouds
547,Havre-Saint-Pierre,CA,50.2334,-63.5986,7.39,66,100,17.27,overcast clouds
548,Afrikanda,RU,67.4429,32.7828,16.59,92,100,12.3,light snow
549,Souillac,MU,-20.5167,57.5167,80.37,89,75,20.71,light intensity shower rain
550,Adrar,MR,20.5022,-10.0711,72.72,7,0,8.63,clear sky
551,Virginia Beach,US,36.8529,-75.978,43.02,49,40,3.0,scattered clouds
552,Araouane,ML,18.9048,-3.5265,70.84,10,100,7.94,overcast clouds
553,Moron,AR,-34.6534,-58.6198,73.96,60,55,12.88,broken clouds
554,Chipinge,ZW,-20.1883,32.6236,64.35,81,42,7.07,light rain
555,Banyliv,UA,48.3661,25.3455,33.44,75,93,9.26,overcast clouds
556,Puerto Narino,CO,-3.7703,-70.3831,82.35,83,97,2.57,overcast clouds
557,Karasjok,NO,69.4719,25.5112,23.11,92,100,17.52,light snow
558,Pochutla,MX,15.7432,-96.4661,86.83,33,3,8.68,clear sky
559,Mount Pleasant,US,32.7941,-79.8626,55.18,44,0,1.01,clear sky
560,Old Saybrook,US,41.2918,-72.3762,28.45,49,6,5.01,clear sky
561,Wasilla,US,61.5814,-149.4394,26.4,82,100,0.0,light snow
562,Kailua,US,21.4022,-157.7394,71.65,91,13,1.99,few clouds
563,Vlore,AL,40.4667,19.4897,53.53,70,100,2.44,overcast clouds
564,Buturlinovka,RU,50.8239,40.6092,0.82,100,72,4.27,broken clouds
565,Maputo,MZ,-25.9653,32.5892,78.48,78,40,17.27,scattered clouds
566,Sidi Bin Nur,TN,35.5333,10.9167,58.91,64,100,6.49,overcast clouds
567,Estevan,CA,49.1334,-102.9842,34.14,93,100,7.31,fog
568,Boyolangu,ID,-8.1181,111.8935,75.07,86,40,1.12,scattered clouds
569,Coruripe,BR,-10.1256,-36.1756,83.52,57,100,13.56,overcast clouds
570,Valparaiso,CL,-33.0393,-71.6273,69.48,66,0,16.11,clear sky
571,At-Bashi,KG,41.1702,75.8106,0.63,62,99,2.64,overcast clouds
572,Prainha,BR,-1.8,-53.48,82.29,79,98,4.0,overcast clouds
573,Riyadh,SA,24.6877,46.7219,57.34,30,0,10.78,clear sky
574,Port Blair,IN,11.6667,92.75,80.64,83,20,2.3,mist
575,Berbera,SO,10.4396,45.0143,76.46,59,95,2.01,overcast clouds
576,Skelleftea,SE,64.7507,20.9528,23.36,67,43,1.01,scattered clouds
577,Muravlenko,RU,63.7898,74.523,-10.16,100,100,2.89,overcast clouds
578,Portalegre,PT,39.2938,-7.4312,53.89,73,0,4.41,clear sky
579,Bocas Del Toro,PA,9.3333,-82.25,88.07,70,7,10.27,clear sky
580,Vestmannaeyjar,IS,63.4427,-20.2734,38.39,44,0,5.75,clear sky
581,Mago,RU,53.2514,140.1822,0.25,94,100,5.01,overcast clouds
582,Riachao Das Neves,BR,-11.7461,-44.91,81.93,67,100,1.81,overcast clouds
583,Imeni Poliny Osipenko,RU,52.4201,136.4853,0.09,94,100,5.06,overcast clouds
584,Moulins,FR,46.5,3.3333,42.6,78,84,2.59,broken clouds
585,Margate,GB,51.3813,1.3862,49.96,74,100,11.99,overcast clouds
586,Ushumun,RU,52.7833,126.5333,-0.6,86,100,6.11,overcast clouds
587,Sujiatun,CN,41.6592,123.3392,12.38,57,0,4.47,clear sky
588,Shingu,JP,33.7333,135.9833,38.91,75,69,8.46,broken clouds
589,Ostersund,SE,63.1792,14.6357,25.25,58,0,12.66,clear sky
590,Cururupu,BR,-1.8283,-44.8683,81.77,78,87,6.02,light rain
591,Orlik,RU,52.5178,99.825,-1.57,91,97,3.62,overcast clouds
592,Neepawa,CA,50.2289,-99.4664,0.81,89,100,6.33,overcast clouds
593,Vicuna,CL,-30.0319,-70.7081,93.78,24,0,12.24,clear sky
594,Rockhampton,AU,-23.3833,150.5,73.29,60,100,12.66,overcast clouds
595,West Wendover,US,40.7391,-114.0733,39.85,34,0,0.31,clear sky
596,Tigil,RU,57.8,158.6667,7.56,82,91,7.83,overcast clouds
597,Port Hedland,AU,-20.3167,118.5667,84.25,79,40,3.44,scattered clouds
598,Bombay,IN,19.0144,72.8479,73.38,53,0,3.44,smoke
599,Shebekino,RU,50.4097,36.9136,22.42,100,96,5.28,light snow
600,Ha Tinh,VN,18.3333,105.9,59.2,84,100,4.52,overcast clouds
601,Neuquen,AR,-38.9516,-68.0591,75.09,38,40,2.3,scattered clouds
602,Grand-Santi,GF,4.25,-54.3833,79.92,92,48,3.83,scattered clouds
603,Emba,KZ,48.8264,58.1442,23.05,93,100,6.08,overcast clouds
604,Pierre,US,44.3683,-100.351,54.52,33,0,1.99,clear sky
605,Piacabucu,BR,-10.4056,-36.4344,83.16,63,100,12.64,overcast clouds
606,Merauke,ID,-8.4667,140.3333,80.29,86,100,9.15,overcast clouds
607,Urumqi,CN,43.801,87.6005,2.35,85,93,2.24,mist
608,Puerto Colombia,CO,10.9878,-74.9547,87.89,70,6,22.46,clear sky
609,Inirida,CO,3.8653,-67.9239,84.36,69,96,4.68,overcast clouds
610,Saint-Georges,GD,12.0564,-61.7485,83.88,65,75,19.57,broken clouds
611,Guayaramerin,BO,-10.8368,-65.3614,89.65,55,40,9.22,scattered clouds
612,Avera,US,33.194,-82.5271,50.68,41,6,7.78,clear sky
613,Saint-Leu,RE,-21.15,55.2833,81.46,84,100,9.82,moderate rain
614,Oktyabrskoye,RU,43.0645,44.7417,24.94,92,96,4.47,overcast clouds
615,Pangkalanbuun,ID,-2.6833,111.6167,73.92,96,100,2.59,overcast clouds
616,Ribeira Brava,PT,32.65,-17.0667,71.13,41,0,11.56,clear sky
617,Mount Isa,AU,-20.7333,139.5,74.97,38,0,3.44,clear sky
618,Tatawin,TN,32.9297,10.4518,65.28,28,64,5.39,broken clouds
619,Husavik,IS,66.0449,-17.3389,13.91,96,100,27.11,snow
620,Nanchang,CN,28.6833,115.8833,43.05,77,100,7.85,light rain
621,Lluta,PE,-16.0147,-72.0142,62.87,54,83,11.18,broken clouds
622,Ajdabiya,LY,30.7554,20.2263,57.63,52,50,8.14,scattered clouds
623,Ixtapa,MX,20.7,-105.2,76.23,61,75,3.44,broken clouds
624,Banikoara,BJ,11.2985,2.4386,79.41,13,0,5.5,clear sky
625,Yulara,AU,-25.2406,130.9889,67.84,52,0,6.91,clear sky
626,Danane,CI,7.2596,-8.155,81.57,34,10,2.01,clear sky
627,Aswan,EG,24.0934,32.907,55.17,44,0,10.98,clear sky
628,Eureka,US,40.8021,-124.1637,56.19,51,0,3.27,clear sky
629,Zyryanka,RU,65.75,150.85,-40.88,100,52,3.47,broken clouds
630,Madimba,TZ,-10.4,40.3333,77.72,77,100,5.66,overcast clouds
631,Tandil,AR,-37.3217,-59.1332,61.99,86,99,19.22,overcast clouds
632,Ongwediva,NA,-17.7833,15.7667,69.1,78,100,12.59,moderate rain
633,Northam,GB,51.0333,-4.2167,51.42,86,100,30.06,overcast clouds
634,Estelle,US,29.8458,-90.1067,48.06,51,0,11.5,clear sky
635,San Cristobal,VE,7.7669,-72.225,75.38,69,98,1.72,overcast clouds
636,Santa Rosa,PH,14.3122,121.1114,78.78,71,93,14.56,overcast clouds
637,Ahuimanu,US,21.4447,-157.8378,77.45,83,75,1.99,broken clouds
638,Qandala,SO,11.472,49.8728,75.06,62,81,0.29,broken clouds
639,Saint-Francois,FR,46.4154,3.9054,38.68,86,0,1.14,clear sky
640,Okhotsk,RU,59.3833,143.3,-8.39,70,0,12.3,clear sky
641,Sungaipenuh,ID,-2.0833,101.3833,64.35,100,100,3.53,overcast clouds
642,Khuzdar,PK,27.7384,66.6434,54.25,26,0,3.69,clear sky
643,Abnub,EG,27.2696,31.1511,55.62,49,0,7.36,clear sky
644,Farafangana,MG,-22.8167,47.8333,77.5,94,100,37.87,heavy intensity rain
645,Kurilsk,RU,45.2333,147.8833,22.82,84,100,18.21,light snow
646,Divnomorskoye,RU,44.5011,38.1353,36.3,93,100,9.62,overcast clouds
647,Khash,IR,28.2211,61.2158,56.41,37,0,13.09,clear sky
648,Kalianget,ID,-7.05,113.9333,78.8,86,100,8.9,overcast clouds
649,Barstow,US,34.8986,-117.0228,58.48,20,0,3.0,clear sky
650,Honningsvag,NO,70.9821,25.9704,29.05,73,20,33.06,few clouds
651,Ambon,ID,-3.6954,128.1814,77.14,88,20,5.75,few clouds
652,Warrnambool,AU,-38.3833,142.4833,60.82,81,100,10.31,overcast clouds
653,Bol,TD,13.4586,14.7147,71.4,34,4,17.31,clear sky
654,Otane,NZ,-39.8833,176.6333,61.02,99,100,0.63,overcast clouds
655,Mundo Nuevo,MX,18.7,-95.5,60.53,76,100,26.62,overcast clouds
656,Aksarka,RU,66.5606,67.7975,-18.0,100,62,3.94,broken clouds
657,Vercelli,IT,45.3231,8.4153,50.81,78,0,4.16,clear sky
658,Penzance,GB,50.1186,-5.5371,51.01,82,100,31.56,overcast clouds
659,Bilibino,RU,68.0546,166.4372,-15.23,94,13,4.72,few clouds
660,Enid,US,36.3956,-97.8784,40.3,60,0,5.99,clear sky
661,Balaipungut,ID,1.05,101.2833,73.81,98,100,1.92,overcast clouds
662,Mahur,IN,25.1667,93.1167,45.46,98,21,1.16,few clouds
663,Aloleng,PH,16.1307,119.7824,76.37,74,95,9.15,overcast clouds
664,Syumsi,RU,57.1111,51.6149,20.59,96,100,3.96,overcast clouds
665,Kutum,SD,14.2,24.6667,57.45,18,18,12.26,few clouds
666,Clifton,US,40.8584,-74.1638,30.63,59,75,8.01,broken clouds
667,Tadine,NC,-21.55,167.8833,79.43,90,100,7.65,moderate rain
668,Kharp,RU,66.8014,65.8081,-7.13,98,10,4.27,clear sky
669,Pierreville,CA,46.0703,-72.8112,13.73,40,6,8.05,clear sky
